La Trobe University,Unnamed: 1,Unnamed: 2,Unnamed: 3,Unnamed: 4,Unnamed: 5,Unnamed: 6,Unnamed: 7,Unnamed: 8,(20171018),Unnamed: 10,Unnamed: 11,Unnamed: 12
Exercise Physiology Lab (sys#9),,,,,,,,,,,,
*** SPH - Bike ***,2023,/,1,/,6,9,:,25,35,,,
,,,,,,,,,,,,
Patient Information,,,,,,,,,,,,
Name,"07, CF ",File number,V1,Doctor,,,,,,,,
Age,34,yrs,Sex,F,,,,,,,,
Height,68.18897247314453,in,173.1999969482422,cm,Weight,140.8000030517578,lb,64,kg,,,
Tech,SK,,,,,,,,,,,
,,,,,,,,,,,,
Test Protocol,,,,,,,,,,,,
Test degree,Maximal,,,,,,,,,,,
Exercise Device,Bike,,,,,,,,,,,
,,,,,,,,,,,,
Test Environment,Insp. temp.,23.399999618530273,deg C,Baro. pressure,758.5999755859375,mmHg,Insp. humidity,48,%,,,
Exp. flow temp.,Mean of room temp. and 37.0 deg C,,,,,,,,,,,
Insp. O2,20.940000534057617,%,Insp. CO2,0.03999999910593033,%,,,,,,,
Selected Flowmeter,0-800 Lpm,,,,,,,,,,,
STPD to BTPS,1.2127652168273926,O2 Gain,0.0001239260018337518,CO2-NL gain,8.176599658327177e-05,,,,,,,
,,,,,,,,,,,,
Base Values for Sampling,,,,,,,,,,,,
Base O2,20.940000534057617,%,Base CO2,0.03999999910593033,%,Measured O2,20.910158157348633,%,Measured CO2,0.14131943881511688,%,
,,,,,,,,,,,,
==========,,,,,,,,,,,,
     ,.      ,      ,    ,.     ,.       ,.     ,     ,      ,      ,      ,      ,      
TIME ,VE     ,Vt    ,RR  ,VO2   ,VO2/kg  ,VCO2  ,RER  ,VE/   ,VE/   ,FEO2  ,FECO2 ,WorkR 
     ,STPD   ,STPD  ,    ,STPD  ,STPD    ,STPD  ,     ,VO2   ,VCO2  ,      ,      ,      
min  ,L/min  ,L     ,BPM ,L/min ,ml/kg/m ,L/min ,     ,BT/ST ,BT/ST ,%     ,%     ,W     
----------,,,,,,,,,,,,
 0:03,10.18710708618164,0.6553705930709839,15.54404067993164,0.2965281009674072,4.633251667022705,0.29728761315345764,1.002561330795288,41.66407775878906,41.55763244628906,18.02762222290039,2.9582700729370117,0
 0:08,9.35694408416748,0.6549860835075378,14.285714149475098,0.2734067142009735,4.271979808807373,0.27877750992774963,1.019644021987915,41.50511169433594,40.70549392700195,18.006013870239258,3.0193419456481934,0
 0:14,8.73367691040039,0.8646339774131775,10.1010103225708,0.2530231177806854,3.953486204147339,0.2606709897518158,1.0302259922027588,41.861392974853516,40.63321304321289,18.024566650390625,3.024629831314087,0
 0:19,5.768590927124023,0.5384018421173096,10.714285850524902,0.16343237459659576,2.553630828857422,0.16875159740447998,1.032546877861023,42.80636978149414,41.457069396972656,18.08755111694336,2.965315341949463,0
 0:24,7.635519027709961,0.5548477172851562,13.761467933654785,0.2156221568584442,3.369096279144287,0.21852797269821167,1.0134763717651367,42.945919036865234,42.37485885620117,18.10809326171875,2.901977062225342,0
 0:28,10.660957336425781,0.7000695466995239,15.228425979614258,0.30042508244514465,4.694141864776611,0.30179181694984436,1.0045493841171265,43.03647994995117,42.84157943725586,18.119321823120117,2.8708083629608154,0
 0:32,7.73510217666626,0.6007595658302307,12.875537872314453,0.22061891853809357,3.4471704959869385,0.22039157152175903,0.9989694952964783,42.52066421508789,42.56452941894531,18.088436126708984,2.8892405033111572,0
 0:40,5.681145668029785,0.6987809538841248,8.130081176757812,0.1670663058757782,2.6104109287261963,0.1656924933195114,0.9917768239974976,41.24048614501953,41.582427978515625,18.004348754882812,2.956542730331421,0
 0:44,13.063615798950195,0.8665531873703003,15.075376510620117,0.3927503824234009,6.136724948883057,0.3836970329284668,0.9769488573074341,40.33884811401367,41.290645599365234,17.94806671142578,2.977170467376709,0
 0:52,7.052343368530273,1.0155373811721802,6.94444465637207,0.2193506360054016,3.427353620529175,0.2071559876203537,0.9444056749343872,38.99161911010742,41.28693771362305,17.86588478088379,2.977475643157959,0
 0:57,12.454594612121582,0.9216399788856506,13.513513565063477,0.40061214566230774,6.2595648765563965,0.36918577551841736,0.9215541481971741,37.703548431396484,40.913002014160156,17.776256561279297,3.004354476928711,0
 1:02,7.941125869750977,0.7557304501533508,10.507881164550781,0.26427215337753296,4.1292524337768555,0.24104192852973938,0.9120973348617554,36.44243621826172,39.95454788208008,17.673364639282227,3.07547926902771,0
 1:08,7.699962139129639,0.7019798755645752,10.968921661376953,0.265998899936676,4.156232833862305,0.24396377801895142,0.9171608686447144,35.1063346862793,38.277183532714844,17.545373916625977,3.2084908485412598,0
 1:14,7.055888652801514,0.696181058883667,10.13513469696045,0.25212475657463074,3.9394493103027344,0.23014087975025177,0.9128055572509766,33.94009017944336,37.182167053222656,17.431989669799805,3.301809787750244,0
 1:19,7.390287399291992,0.7119309902191162,10.380622863769531,0.2690727710723877,4.2042622566223145,0.2453383505344391,0.9117918014526367,33.30951690673828,36.53193283081055,17.36635398864746,3.3598687648773193,0
 1:26,5.880229473114014,0.6860268115997314,8.571428298950195,0.21290944516658783,3.3267099857330322,0.1951739341020584,0.9166992902755737,33.49469757080078,36.53837203979492,17.382389068603516,3.3592758178710938,0
 1:32,5.891856670379639,0.5764199495315552,10.221465110778809,0.21310585737228394,3.3297789096832275,0.19256532192230225,0.9036134481430054,33.52999496459961,37.106571197509766,17.396047592163086,3.308469533920288,0
 1:38,5.477705478668213,0.5313374400138855,10.30927848815918,0.200296089053154,3.1296262741088867,0.1798297017812729,0.8978193402290344,33.166751861572266,36.94145584106445,17.361669540405273,3.3230879306793213,0
 1:42,9.028676986694336,0.5808449387550354,15.54404067993164,0.3374266028404236,5.2722907066345215,0.29983630776405334,0.8885971307754517,32.45050811767578,36.5188102722168,17.289905548095703,3.3610994815826416,0
 1:46,8.387733459472656,0.6039167642593384,13.88888931274414,0.3244931995868683,5.070206165313721,0.28350210189819336,0.8736765384674072,31.34842872619629,35.881046295166016,17.173669815063477,3.420156240463257,0
 1:51,6.7310614585876465,0.5508251786231995,12.219959259033203,0.26718008518218994,4.174688816070557,0.23003172874450684,0.860961377620697,30.553165435791016,35.487266540527344,17.086206436157227,3.45768666267395,0
 1:57,7.299747943878174,0.6837430596351624,10.676156997680664,0.29322993755340576,4.5817179679870605,0.24880273640155792,0.8484902381896973,30.190916061401367,35.58192443847656,17.050457000732422,3.448617696762085,0
 2:03,6.635244846343994,0.6734773516654968,9.852216720581055,0.26846158504486084,4.194712162017822,0.22353225946426392,0.8326414823532104,29.974472045898438,35.99925231933594,17.035799026489258,3.409133195877075,0
 2:04,11.428739547729492,0.27428972721099854,41.66666793823242,0.46703603863716125,7.297438144683838,0.3819330930709839,0.8177807927131653,29.67732048034668,36.290069580078125,17.009422302246094,3.3821632862091064,0
 2:09,13.55006217956543,1.0343214273452759,13.100436210632324,0.5584777593612671,8.726215362548828,0.45782220363616943,0.8197680115699768,29.424707412719727,35.893943786621094,16.97395896911621,3.4190433025360107,48
 2:15,13.016932487487793,1.2084052562713623,10.771992683410645,0.5396038293838501,8.431309700012207,0.4384903609752655,0.8126153349876404,29.255691528320312,36.00189208984375,16.957258224487305,3.408925771713257,49.999996185302734
 2:19,14.479437828063965,1.0859578847885132,13.333333015441895,0.6187078356742859,9.667309761047363,0.5052666068077087,0.8166481256484985,28.381986618041992,34.754241943359375,16.83104705810547,3.5298590660095215,50
 2:21,17.393489837646484,0.52760249376297,32.96703338623047,0.7714365124702454,12.053695678710938,0.6325551271438599,0.819970428943634,27.34407615661621,33.34763717651367,16.6719970703125,3.6770544052124023,50
 2:23,11.129777908325195,0.46559569239616394,23.904382705688477,0.49979904294013977,7.809360027313232,0.41149207949638367,0.8233150839805603,27.0064697265625,32.80210876464844,16.615497589111328,3.737534761428833,50
 2:26,16.382549285888672,0.767249345779419,21.352313995361328,0.7431132793426514,11.61114501953125,0.6137319207191467,0.8258928060531616,26.73641586303711,32.37274169921875,16.569368362426758,3.7865700721740723,50
 2:28,18.952787399291992,0.6791415214538574,27.9069766998291,0.8637208342552185,13.495637893676758,0.7193388342857361,0.8328371644020081,26.6119327545166,31.953344345092773,16.54229736328125,3.8357298374176025,50
 2:31,15.810105323791504,0.666659414768219,23.715415954589844,0.7169065475463867,11.201664924621582,0.5928113460540771,0.8269018530845642,26.745391845703125,32.344093322753906,16.56987762451172,3.789886474609375,50.000003814697266
 2:34,14.397266387939453,0.820644199848175,17.543859481811523,0.6296988725662231,9.839044570922852,0.5231382250785828,0.8307752013206482,27.72834014892578,33.37646484375,16.72124671936035,3.6738901138305664,50
 2:38,12.683252334594727,0.7166037559509277,17.699115753173828,0.5380710959434509,8.407361030578613,0.44954466819763184,0.8354744911193848,28.586942672729492,34.21641540527344,16.843782424926758,3.5846750736236572,50
 2:41,19.018386840820312,1.0428415536880493,18.23708152770996,0.789675772190094,12.33868408203125,0.6624313592910767,0.8388649821281433,29.207984924316406,34.818458557128906,16.92793083190918,3.5233776569366455,50
 2:43,11.335461616516113,0.3325068950653076,34.09090805053711,0.4661168158054352,7.283075332641602,0.3890610635280609,0.834685742855072,29.49315071105957,35.33443832397461,16.970321655273438,3.4725191593170166,50
 2:46,18.48928451538086,1.0877861976623535,16.997167587280273,0.7610276937484741,11.891057968139648,0.6301840543746948,0.828069806098938,29.46431541442871,35.58192443847656,16.972139358520508,3.448657512664795,50
 2:50,15.9564790725708,1.002598762512207,15.915119171142578,0.6611425280570984,10.330351829528809,0.5385546684265137,0.8145818114280701,29.269729614257812,35.93221664428711,16.95746421813965,3.415454626083374,50
 2:54,15.952731132507324,0.9225995540618896,17.291067123413086,0.6813294887542725,10.645772933959961,0.5512776970863342,0.8091205358505249,28.395832061767578,35.094688415527344,16.83978271484375,3.496020793914795,50
 2:57,19.115516662597656,0.9621476531028748,19.867549896240234,0.845143735408783,13.205370903015137,0.676197350025177,0.8000974655151367,27.430404663085938,34.28382873535156,16.703826904296875,3.57778000831604,50
 3:01,14.330018997192383,1.0556447505950928,13.574660301208496,0.6501058340072632,10.157903671264648,0.5115801095962524,0.7869182229042053,26.73249053955078,33.97111892700195,16.60575294494629,3.6103756427764893,50
 3:05,17.831008911132812,1.1174098253250122,15.95744800567627,0.8299126625061035,12.967385292053223,0.642707884311676,0.7744283676147461,26.056751251220703,33.64643478393555,16.505521774291992,3.6448593139648438,50
 3:09,14.433402061462402,1.152266502380371,12.526097297668457,0.6841558218002319,10.689934730529785,0.5218284726142883,0.7627333402633667,25.585294723510742,33.54421615600586,16.43541717529297,3.655872344970703,50
 3:15,13.124224662780762,1.2249276638031006,10.714285850524902,0.6439884901046753,10.0623197555542,0.49070319533348083,0.761975109577179,24.71566390991211,32.43631362915039,16.277700424194336,3.77937912940979,49.999996185302734
 3:20,11.94295883178711,0.9614081978797913,12.42236042022705,0.5947299003601074,9.292654991149902,0.44933950901031494,0.7555354237556458,24.35392189025879,32.23398971557617,16.215164184570312,3.8028671741485596,50
 3:24,9.321951866149902,0.6354463696479797,14.669926643371582,0.4688999354839325,7.326561450958252,0.35293155908584595,0.7526798844337463,24.11034393310547,32.03266525268555,16.170440673828125,3.826524019241333,50
 3:26,16.080080032348633,0.4529222249984741,35.502960205078125,0.8195775747299194,12.805899620056152,0.6131638288497925,0.7481461763381958,23.79440689086914,31.804489135742188,16.111948013305664,3.8537023067474365,50
 3:31,12.962417602539062,1.0477954149246216,12.371133804321289,0.6776124835014343,10.587695121765137,0.5042762160301208,0.7441955804824829,23.19964599609375,31.174123764038086,15.992499351501465,3.9308292865753174,50
 3:35,15.127176284790039,1.0916779041290283,13.856812477111816,0.8276102542877197,12.93140983581543,0.5957867503166199,0.7198880910873413,22.167091369628906,30.79241371154785,15.789889335632324,3.9791321754455566,50
 3:39,7.775866985321045,0.5430147051811218,14.319808959960938,0.4445623755455017,6.946287155151367,0.30961745977401733,0.6964544653892517,21.212547302246094,30.457910537719727,15.586191177368164,4.022468090057373,50
 3:40,28.388683319091797,0.5630422234535217,50.420166015625,1.6479839086532593,25.74974822998047,1.133461833000183,0.6877869367599487,20.891469955444336,30.374914169311523,15.514446258544922,4.033378601074219,50
 3:45,12.19691276550293,0.8659808039665222,14.08450698852539,0.7317377924919128,11.433403015136719,0.4891164302825928,0.668431282043457,20.214879989624023,30.24226951599121,15.357170104980469,4.050961494445801,50
 3:48,19.649364471435547,1.0217667818069458,19.230772018432617,1.2161418199539185,19.002216339111328,0.7964608073234558,0.6549078226089478,19.59480857849121,29.91994857788086,15.19803237915039,4.094221115112305,50
 3:51,20.383798599243164,1.0463683605194092,19.480518341064453,1.2937889099121094,20.215452194213867,0.8347184062004089,0.6451735496520996,19.107261657714844,29.615690231323242,15.064455032348633,4.1359100341796875,49.999996185302734
 3:54,20.11536407470703,1.0426464080810547,19.292604446411133,1.3208460807800293,20.638219833374023,0.8440631031990051,0.6390321254730225,18.469385147094727,28.90212059020996,14.869976997375488,4.237059593200684,50.000003814697266
 3:59,12.8873929977417,1.0417309999465942,12.371133804321289,0.85394686460495,13.34291934967041,0.5379911065101624,0.6300053596496582,18.302522659301758,29.051376342773438,14.82715892791748,4.215534210205078,50
 4:03,18.625577926635742,1.229288101196289,15.151515007019043,1.1902281045913696,18.597314834594727,0.7519554495811462,0.6317742466926575,18.978256225585938,30.039615631103516,15.042444229125977,4.078160762786865,50
 4:07,16.52585792541504,1.322068691253662,12.5,0.9981604218482971,15.596256256103516,0.6451820731163025,0.6463711261749268,20.078922271728516,31.06407928466797,15.347268104553223,3.9449305534362793,50
 4:09,4.131511211395264,0.10328777879476547,40,0.24644532799720764,3.850708246231079,0.16379453241825104,0.664628267288208,20.331295013427734,30.590476989746094,15.39388656616211,4.005318641662598,50
 4:11,10.448572158813477,0.3761485815048218,27.77777862548828,0.6220858693122864,9.720091819763184,0.4151347875595093,0.6673271656036377,20.369640350341797,30.524219512939453,15.400962829589844,4.013916969299316,50
 4:15,15.297365188598633,0.8694002628326416,17.595308303833008,0.9130740165710449,14.2667818069458,0.6191447973251343,0.6780883073806763,20.318300247192383,29.964094161987305,15.373517036437988,4.088163375854492,50
 4:18,19.991470336914062,1.1561733484268188,17.291067123413086,1.1919142007827759,18.623659133911133,0.8166791200637817,0.6851828098297119,20.341196060180664,29.687253952026367,15.37092399597168,4.125888824462891,50
 4:23,14.449843406677246,1.307710886001587,11.049723625183105,0.850084125995636,13.282564163208008,0.5889626145362854,0.6928285956382751,20.614744186401367,29.754465103149414,15.435405731201172,4.11663293838501,49.999996185302734
 4:27,23.068252563476562,1.3533375263214111,17.045454025268555,1.3201384544372559,20.62716293334961,0.9112488031387329,0.6902676224708557,21.191999435424805,30.701135635375977,15.58841609954834,3.9909379482269287,50
 4:31,16.039995193481445,1.2110196352005005,13.245033264160156,0.9498133063316345,14.840832710266113,0.6506654024124146,0.685045599937439,20.480600357055664,29.896697998046875,15.409003257751465,4.097264766693115,50
 4:35,13.882662773132324,0.7982531189918518,17.39130401611328,0.8574173450469971,13.397146224975586,0.5756320953369141,0.6713557839393616,19.63619041442871,29.24856185913086,15.188858032226562,4.187221527099609,50
 4:39,18.49209213256836,1.1619198322296143,15.915119171142578,1.1381540298461914,17.78365707397461,0.7713499069213867,0.6777201294898987,19.704334259033203,29.074440002441406,15.200545310974121,4.212035179138184,50
 4:43,16.794876098632812,1.1028635501861572,15.228425979614258,1.0198861360549927,15.935720443725586,0.7006851434707642,0.6870229244232178,19.971094131469727,29.06903648376465,15.265378952026367,4.212777614593506,50
 4:47,17.263696670532227,1.2573726177215576,13.729976654052734,1.0312665700912476,16.113540649414062,0.7173746228218079,0.695624828338623,20.30203628540039,29.185325622558594,15.347122192382812,4.1961212158203125,50
 4:53,6.16433048248291,0.5753375291824341,10.714285850524902,0.3564397096633911,5.569370269775391,0.25107529759407043,0.7043976783752441,20.973772048950195,29.775470733642578,15.515624046325684,4.113718032836914,49.999996185302734
 4:57,20.543136596679688,1.4140524864196777,14.527846336364746,1.1723496913909912,18.317964553833008,0.8307726383209229,0.7086389660835266,21.251338958740234,29.98895263671875,15.581405639648438,4.084704875946045,50
 5:01,18.01963233947754,1.1862924098968506,15.189873695373535,1.0250107049942017,16.015792846679688,0.7336931228637695,0.7157906889915466,21.320344924926758,29.78572654724121,15.590229988098145,4.112278461456299,50
 5:05,17.006242752075195,1.136583924293518,14.962593078613281,0.995155394077301,15.54930305480957,0.7044258713722229,0.7078551650047302,20.724985122680664,29.278568267822266,15.446271896362305,4.182844161987305,70
 5:08,21.868078231811523,1.3521761894226074,16.17250633239746,1.3227218389511108,20.66752815246582,0.921728789806366,0.6968424916267395,20.05020523071289,28.772937774658203,15.2753324508667,4.2556843757629395,75
 5:12,17.122289657592773,1.1386322975158691,15.037593841552734,1.0363945960998535,16.193666458129883,0.7165392637252808,0.6913768649101257,20.03611183166504,28.98001480102539,15.278274536132812,4.225580215454102,75
 5:13,12.772465705871582,0.15752708911895752,81.0810775756836,0.7650454640388489,11.953835487365723,0.5321839451789856,0.6956239342689514,20.24716567993164,29.106481552124023,15.331962585449219,4.207379341125488,75
 5:17,19.719877243041992,1.2522122859954834,15.748030662536621,1.1718027591705322,18.309417724609375,0.818027138710022,0.6980928778648376,20.40921974182129,29.235681533813477,15.373422622680664,4.188953876495361,75
 5:21,15.607181549072266,1.1341218948364258,13.761467933654785,0.9245062470436096,14.445409774780273,0.6519840955734253,0.7052240967750549,20.473464965820312,29.03114891052246,15.38204574584961,4.218160629272461,75
 5:26,15.001055717468262,1.140080213546753,13.1578950881958,0.8784706592559814,13.726103782653809,0.6281836628913879,0.7150878310203552,20.709579467773438,28.960891723632812,15.433318138122559,4.228263854980469,75
 5:30,16.863819122314453,1.2282482385635376,13.729976654052734,0.9858158826828003,15.403372764587402,0.7029580473899841,0.7130723595619202,20.746118545532227,29.0939884185791,15.44548225402832,4.209110260009766,75
 5:35,14.82827377319336,1.1343629360198975,13.071895599365234,0.8741214871406555,13.658147811889648,0.626187264919281,0.7163618206977844,20.572900772094727,28.718589782714844,15.395158767700195,4.263596534729004,75
 5:38,22.3166561126709,1.331560492515564,16.759777069091797,1.3704248666763306,21.41288948059082,0.97282475233078,0.7098709344863892,19.749250411987305,27.820905685424805,15.172256469726562,4.399899482727051,75
 5:43,14.341545104980469,1.171226143836975,12.244897842407227,0.9008615612983704,14.07596206665039,0.6311472058296204,0.7006039619445801,19.306991577148438,27.557640075683594,15.052326202392578,4.441583633422852,75
 5:47,23.386396408081055,1.4148770570755005,16.5289249420166,1.4644989967346191,22.882797241210938,1.0228980779647827,0.6984627842903137,19.366491317749023,27.727304458618164,15.073222160339355,4.4146575927734375,75
 5:50,13.980515480041504,0.7689283490180969,18.18181800842285,0.8760855793952942,13.688837051391602,0.613835334777832,0.7006568312644958,19.353225708007812,27.62154769897461,15.066322326660156,4.431399345397949,75
 5:51,10.140401840209961,0.1757669746875763,57.69230651855469,0.6453843712806702,10.084131240844727,0.4522603452205658,0.7007612586021423,19.055198669433594,27.192140579223633,14.974316596984863,4.500746250152588,75
 5:52,13.025089263916016,0.19320547580718994,67.41573333740234,0.8350998759269714,13.04843521118164,0.5828168392181396,0.6979007720947266,18.915552139282227,27.103498458862305,14.934115409851074,4.515345573425293,75
 5:54,19.67153549194336,0.5573601722717285,35.29411697387695,1.2639610767364502,19.749391555786133,0.8842003345489502,0.6995471119880676,18.874753952026367,26.98138999938965,14.91891860961914,4.535593509674072,75
 5:57,26.234647750854492,1.42978835105896,18.348623275756836,1.683495044708252,26.304609298706055,1.1720263957977295,0.6961864233016968,18.899057388305664,27.146547317504883,14.931177139282227,4.5082550048828125,75
 6:01,26.590293884277344,1.688483715057373,15.748030662536621,1.6672688722610474,26.051076889038086,1.175167202949524,0.704845666885376,19.34168243408203,27.441017150878906,15.057316780090332,4.460274696350098,75
 6:03,23.79924774169922,0.9995684027671814,23.809524536132812,1.4344487190246582,22.41326141357422,1.0156508684158325,0.7080426216125488,20.121248245239258,28.41813087463379,15.281197547912598,4.308279514312744,94
 6:06,10.191120147705078,0.4399166703224182,23.16602325439453,0.6133798956871033,9.584060668945312,0.4332290589809418,0.7062981128692627,20.14972496032715,28.528640747070312,15.291393280029297,4.291751861572266,100
 6:07,32.216312408447266,0.5584160685539246,57.69230651855469,1.9264163970947266,30.100255966186523,1.3664677143096924,0.7093314528465271,20.28160858154297,28.59256935119629,15.324325561523438,4.282235145568848,100
 6:10,26.15509033203125,1.1072320938110352,23.622047424316406,1.5475965738296509,24.181196212768555,1.110829472541809,0.7177771329879761,20.496286392211914,28.55522346496582,15.3726806640625,4.287755012512207,100
 6:12,25.20095443725586,0.8694329261779785,28.98550796508789,1.4449443817138672,22.577255249023438,1.0535392761230469,0.7291209697723389,21.151569366455078,29.00968360900879,15.531537055969238,4.221174240112305,100
 6:15,27.2249698638916,1.3975485563278198,19.480518341064453,1.5218396186828613,23.778743743896484,1.1218814849853516,0.7371877431869507,21.69577980041504,29.430469512939453,15.657757759094238,4.1613688468933105,99.99999237060547
 6:18,29.1208553314209,1.698716640472412,17.14285659790039,1.5977081060409546,24.964189529418945,1.190420150756836,0.7450798749923706,22.104639053344727,29.667476654052734,15.746395111083984,4.128420829772949,100
 6:21,24.460247039794922,1.104787826538086,22.140220642089844,1.3437974452972412,20.996835708618164,0.9995095729827881,0.7437947988510132,22.07515525817871,29.679092407226562,15.740937232971191,4.126824378967285,100
 6:25,18.675519943237305,1.2356969118118286,15.113349914550781,1.0315721035003662,16.118314743041992,0.7628684043884277,0.7395201921463013,21.955829620361328,29.689289093017578,15.717625617980957,4.125432968139648,100
 6:28,25.118227005004883,1.2894023656845093,19.480518341064453,1.385284423828125,21.645069122314453,1.0415371656417847,0.7518579959869385,21.99007797241211,29.247648239135742,15.711511611938477,4.187086582183838,99.99999237060547
 6:32,20.004148483276367,1.2802655696868896,15.624999046325684,1.0922125577926636,17.065820693969727,0.8315679430961609,0.7613608837127686,22.212100982666016,29.17420768737793,15.752907752990723,4.197498798370361,100
 6:35,25.518877029418945,1.3737661838531494,18.575851440429688,1.4370629787445068,22.45410919189453,1.0954172611236572,0.762261152267456,21.535873413085938,28.25261878967285,15.588972091674805,4.333111763000488,100
 6:39,28.001344680786133,1.6194109916687012,17.291067123413086,1.617610216140747,25.27515983581543,1.225095272064209,0.757348895072937,20.993349075317383,27.71952247619629,15.456628799438477,4.415690898895264,100
 6:43,22.902881622314453,1.5917502641677856,14.38848876953125,1.3492438793182373,21.08193588256836,1.0078020095825195,0.7469383478164673,20.586210250854492,27.560789108276367,15.3610258102417,4.440924644470215,100
 6:46,26.502182006835938,1.598965048789978,16.5745849609375,1.5636237859725952,24.431621551513672,1.161781907081604,0.7430060505867004,20.555408477783203,27.665197372436523,15.357523918151855,4.424328327178955,100
 6:49,10.838489532470703,0.44979730248451233,24.096385955810547,0.6480264067649841,10.125412940979004,0.4831247627735138,0.7455325126647949,20.28396224975586,27.207345962524414,15.279654502868652,4.498100280761719,99.99999237060547
 6:50,30.154504776000977,0.7588883638381958,39.73509979248047,1.8189994096755981,28.421865463256836,1.356053352355957,0.7454941272735596,20.104644775390625,26.968212127685547,15.229216575622559,4.537631511688232,100
 6:54,24.06272315979004,1.4678261280059814,16.393442153930664,1.4457896947860718,22.590463638305664,1.080889105796814,0.7476115822792053,20.184425354003906,26.998546600341797,15.249126434326172,4.532571792602539,100
 6:57,27.084495544433594,1.5573585033416748,17.39130401611328,1.6061804294586182,25.096569061279297,1.2044285535812378,0.7498712539672852,20.450462341308594,27.27196502685547,15.320351600646973,4.487523078918457,100
 7:00,30.886837005615234,1.3693164587020874,22.5563907623291,1.8414113521575928,28.772052764892578,1.3769514560699463,0.7477695941925049,20.342266082763672,27.203922271728516,15.293085098266602,4.498654365539551,100
 7:03,28.92801284790039,1.6006834506988525,18.072288513183594,1.760047435760498,27.500741958618164,1.313987374305725,0.7465636134147644,19.93292236328125,26.69956398010254,15.178655624389648,4.582882881164551,114
 7:07,26.982967376708984,1.5200403928756714,17.751480102539062,1.6220965385437012,25.345258712768555,1.2150795459747314,0.7490796446800232,20.173892974853516,26.93157196044922,15.244305610656738,4.543738842010498,125
 7:10,26.892745971679688,1.5059936046600342,17.857145309448242,1.565010666847229,24.453290939331055,1.1920371055603027,0.7616798877716064,20.8398494720459,27.36037826538086,15.41096305847168,4.473114967346191,124.99999237060547
 7:13,22.291513442993164,1.1554434299468994,19.292604446411133,1.2837412357330322,20.058456420898438,0.9945855140686035,0.7747554183006287,21.059051513671875,27.181547164916992,15.452747344970703,4.502241611480713,125
 7:17,30.5880184173584,1.7537131309509277,17.44186019897461,1.7612494230270386,27.519521713256836,1.373102068901062,0.7796182036399841,21.062368392944336,27.01626205444336,15.447747230529785,4.529526710510254,125
 7:20,23.80072021484375,1.4637442827224731,16.260162353515625,1.3929400444030762,21.76468849182129,1.0889031887054443,0.7817301154136658,20.722129821777344,26.50803565979004,15.354981422424316,4.615595817565918,125
 7:24,28.122833251953125,1.6639342308044434,16.901409149169922,1.6326861381530762,25.51072120666504,1.2821732759475708,0.785315215587616,20.88974380493164,26.6004581451416,15.395435333251953,4.5996880531311035,125.00000762939453
 7:27,19.247102737426758,1.0617984533309937,18.126888275146484,1.1143860816955566,17.412282943725586,0.8703712821006775,0.7810320854187012,20.946256637573242,26.818689346313477,15.415587425231934,4.562596797943115,125
 7:30,30.477001190185547,1.5949630737304688,19.108280181884766,1.7585313320159912,27.477052688598633,1.3751672506332397,0.781997561454773,21.018362045288086,26.877784729003906,15.433372497558594,4.552650451660156,125
 7:33,23.748571395874023,1.187428593635559,20,1.3913440704345703,21.7397518157959,1.0824915170669556,0.778018593788147,20.7004451751709,26.60662078857422,15.353683471679688,4.598653316497803,125
 7:36,33.13969039916992,1.656984567642212,20,1.9455846548080444,30.39975929260254,1.496594786643982,0.7692262530326843,20.65736961364746,26.854738235473633,15.35284423828125,4.55656099319458,125
 7:40,24.313480377197266,1.5560628175735474,15.624999046325684,1.4786796569824219,23.1043701171875,1.1210423707962036,0.7581374049186707,19.941129684448242,26.302791595458984,15.166287422180176,4.651373863220215,124.99999237060547
 7:43,32.030029296875,1.4573663473129272,21.9780216217041,1.9260823726654053,30.09503746032715,1.4647637605667114,0.7604886293411255,20.167831420898438,26.51957130432129,15.228227615356445,4.61367130279541,125
 7:46,31.31161880493164,1.5760180950164795,19.867549896240234,1.8953585624694824,29.61497688293457,1.456710696220398,0.7685673236846924,20.03506851196289,26.068073272705078,15.180139541625977,4.692861080169678,125
 7:49,30.03536033630371,1.5868682861328125,18.927444458007812,1.8234142065048218,28.490846633911133,1.4091498851776123,0.7728084325790405,19.976722717285156,25.84951400756836,15.157922744750977,4.7321882247924805,125
 7:52,27.11048698425293,1.4820399284362793,18.292682647705078,1.587809443473816,24.80952262878418,1.24268639087677,0.7826420068740845,20.706926345825195,26.457725524902344,15.349763870239258,4.624294281005859,125
 7:55,35.06327819824219,1.507720947265625,23.255813598632812,1.9822797775268555,30.973121643066406,1.574136734008789,0.7941042184829712,21.451828002929688,27.013870239257812,15.530309677124023,4.529882431030273,124.99999237060547
 7:58,32.77545166015625,1.5131332874298096,21.6606502532959,1.8380101919174194,28.718908309936523,1.469367265701294,0.799433708190918,21.62606430053711,27.05173110961914,15.56763744354248,4.52358341217041,124.99999237060547
 8:01,31.022937774658203,1.4270551204681396,21.7391300201416,1.7387285232543945,27.167633056640625,1.3887892961502075,0.798738420009613,21.63853645324707,27.090890884399414,15.571548461914062,4.517104148864746,125
 8:03,31.77732276916504,1.5200153589248657,20.905921936035156,1.7430438995361328,27.235061645507812,1.3940399885177612,0.7997733354568481,22.109846115112305,27.6451416015625,15.684798240661621,4.427341461181641,142
 8:07,27.789804458618164,1.6442300081253052,16.901409149169922,1.4975574016571045,23.399333953857422,1.2231169939041138,0.8167412877082825,22.504985809326172,27.55460548400879,15.75792121887207,4.441710472106934,150
 8:10,31.843780517578125,1.6452618837356567,19.354839324951172,1.7014087438583374,26.584510803222656,1.4013501405715942,0.8236410617828369,22.698266983032227,27.55844497680664,15.794328689575195,4.441079616546631,150
 8:13,27.87472915649414,1.4820064306259155,18.80877685546875,1.5241210460662842,23.81439208984375,1.2588986158370972,0.8259833455085754,22.180328369140625,26.85323715209961,15.671487808227539,4.556652545928955,150
 8:16,21.452838897705078,1.1083966493606567,19.354839324951172,1.1861035823822021,18.532869338989258,0.9773401618003845,0.8239922523498535,21.9350643157959,26.620473861694336,15.614883422851562,4.596150875091553,150
 8:19,33.338932037353516,1.6391643285751343,20.33898162841797,1.852071762084961,28.938621520996094,1.5237067937850952,0.8227039575576782,21.830848693847656,26.535484313964844,15.590962409973145,4.61074686050415,150
 8:22,33.407188415527344,1.5645699501037598,21.352313995361328,1.9032715559005737,29.738618850708008,1.5562835931777954,0.8176886439323425,21.287071228027344,26.033222198486328,15.460304260253906,4.698944568634033,150
 8:25,28.599050521850586,1.5062167644500732,18.987340927124023,1.6691412925720215,26.080331802368164,1.3415238857269287,0.803721010684967,20.77950668334961,25.854129791259766,15.343524932861328,4.73125696182251,150
 8:28,34.01803207397461,1.6895623207092285,20.134227752685547,1.9684898853302002,30.757654190063477,1.5714296102523804,0.7982919216156006,20.958139419555664,26.25372886657715,15.397805213928223,4.6598687171936035,150
 8:31,34.50471878051758,1.776992917060852,19.417476654052734,1.9873422384262085,31.052223205566406,1.5808144807815552,0.7954415082931519,21.056324005126953,26.471242904663086,15.42708683013916,4.621915817260742,150
 8:34,35.47046661376953,1.6020828485488892,22.140220642089844,2.0325114727020264,31.757991790771484,1.624933123588562,0.7994706034660339,21.164627075195312,26.473304748535156,15.450461387634277,4.621547222137451,150
 8:37,37.21121597290039,1.6434953212738037,22.641510009765625,2.1124777793884277,33.00746536254883,1.7009475231170654,0.8051907420158386,21.362812042236328,26.531370162963867,15.494588851928711,4.611503601074219,150
 8:40,35.445167541503906,1.630477786064148,21.7391300201416,1.9875768423080444,31.05588722229004,1.6094847917556763,0.8097723722457886,21.627676010131836,26.70833969116211,15.55589771270752,4.581200122833252,150
 8:43,23.315982818603516,1.387300968170166,16.80672264099121,1.2674468755722046,19.803857803344727,1.0415372848510742,0.8217601180076599,22.31005859375,27.149112701416016,15.706932067871094,4.507440567016602,150
 8:46,32.44784927368164,1.5574966669082642,20.83333396911621,1.7287224531173706,27.011287689208984,1.438445806503296,0.8320860266685486,22.763412475585938,27.35704231262207,15.79963207244873,4.473458290100098,150
 8:49,36.09686279296875,1.6664718389511108,21.6606502532959,1.986089825630188,31.03265380859375,1.6650830507278442,0.8383724689483643,22.041812896728516,26.29119300842285,15.624105453491211,4.653174877166748,150
 8:51,37.514434814453125,1.6881496906280518,22.22222137451172,2.155764102935791,33.683815002441406,1.7892476320266724,0.8299830555915833,21.104442596435547,25.42755889892578,15.398091316223145,4.809881687164307,150
 8:55,30.034042358398438,1.5567644834518433,19.292604446411133,1.7043323516845703,26.63019371032715,1.4074931144714355,0.8258325457572937,21.371559143066406,25.87880516052246,15.4722900390625,4.726721286773682,150
 8:57,33.2233772277832,1.5670360326766968,21.201412200927734,1.8366079330444336,28.696998596191406,1.5190491676330566,0.8270949721336365,21.9383544921875,26.52458953857422,15.612091064453125,4.612612247467041,150
 9:00,35.072879791259766,1.549052119255066,22.641510009765625,1.9210454225540161,30.016334533691406,1.5943961143493652,0.8299627304077148,22.141677856445312,26.67791748046875,15.657727241516113,4.586324214935303,150
 9:03,32.51480484008789,1.539034128189087,21.126760482788086,1.799247145652771,28.113237380981445,1.4937063455581665,0.8301841020584106,21.916290283203125,26.399314880371094,15.603148460388184,4.634302616119385,161
 9:06,33.6366081237793,1.6481938362121582,20.40816307067871,1.8621090650558472,29.0954532623291,1.5465233325958252,0.8305224180221558,21.907045364379883,26.37742805480957,15.600503921508789,4.638113975524902,175
 9:09,33.232452392578125,1.5563864707946777,21.352313995361328,1.8261756896972656,28.533994674682617,1.534839391708374,0.8404664397239685,22.069705963134766,26.258878707885742,15.62841510772705,4.658846378326416,175
 9:12,26.395954132080078,1.3329956531524658,19.80198097229004,1.4530940055847168,22.704593658447266,1.220431923866272,0.8398850560188293,22.03030014038086,26.23013687133789,15.619585037231445,4.663909435272217,175
 9:15,26.67263412475586,1.6892668008804321,15.789473533630371,1.473885178565979,23.029455184936523,1.2350678443908691,0.8379674553871155,21.947195053100586,26.19098663330078,15.601655960083008,4.670826435089111,175
 9:19,35.122291564941406,1.7970905303955078,19.543973922729492,1.980343222618103,30.94286346435547,1.653221845626831,0.8348158001899719,21.50894546508789,25.7648983001709,15.496607780456543,4.747416973114014,175
 9:21,37.7966423034668,1.7827417850494385,21.201412200927734,2.2996950149536133,35.932735443115234,1.890278697013855,0.8219692707061768,19.932405471801758,24.24957275390625,15.082433700561523,5.041615009307861,175
 9:24,41.55613327026367,1.8631000518798828,22.304832458496094,2.599835157394409,40.6224250793457,2.107532501220703,0.810640811920166,19.385011672973633,23.91319465637207,14.931868553161621,5.112005710601807,175
 9:27,36.47514724731445,1.7447279691696167,20.905921936035156,2.1964080333709717,34.31887435913086,1.7899259328842163,0.8149332404136658,20.140060424804688,24.713754653930664,15.151700973510742,4.947693824768066,175
 9:30,32.913795471191406,1.6292328834533691,20.2020206451416,1.8752094507217407,29.300148010253906,1.558260440826416,0.8309794068336487,21.286531448364258,25.61619758605957,15.444308280944824,4.774754047393799,175.00001525878906
 9:33,38.59968948364258,1.782019019126892,21.6606502532959,2.1226882934570312,33.1670036315918,1.7750362157821655,0.8362208604812622,22.0533390045166,26.372623443603516,15.629361152648926,4.638936519622803,175
 9:35,38.47064971923828,1.6734732389450073,22.988506317138672,2.0961406230926514,32.752197265625,1.774665117263794,0.846634566783905,22.257984161376953,26.289955139160156,15.66630744934082,4.6533708572387695,175
 9:38,40.55083465576172,1.7572028636932373,23.076923370361328,2.2232847213745117,34.73882293701172,1.8879202604293823,0.8491581082344055,22.119813919067383,26.049110412597656,15.630468368530273,4.696018695831299,175
 9:41,37.0305290222168,1.6910609006881714,21.897809982299805,2.0244228839874268,31.631607055664062,1.7243446111679077,0.8517709374427795,22.183773040771484,26.044292449951172,15.642786026000977,4.696872711181641,175
 9:43,33.750545501708984,1.5919008255004883,21.201412200927734,1.8205790519714355,28.446548461914062,1.5619741678237915,0.8579546213150024,22.482675552368164,26.204971313476562,15.706226348876953,4.668303489685059,175
 9:47,26.22732925415039,1.5299276113510132,17.14285659790039,1.3958308696746826,21.809856414794922,1.204450249671936,0.8628912568092346,22.787569046020508,26.408390045166016,15.770751953125,4.6326398849487305,175
 9:49,46.8178825378418,2.0053658485412598,23.346303939819336,2.4808616638183594,38.76346206665039,2.1535871028900146,0.8680802583694458,22.8868465423584,26.36489486694336,15.787416458129883,4.640203952789307,175
 9:52,42.41342544555664,1.8096394538879395,23.4375,2.4432175159454346,38.17527389526367,2.102271556854248,0.8604520559310913,21.053192138671875,24.467594146728516,15.347846984863281,4.996939659118652,175
 9:54,44.33061599731445,1.8027783632278442,24.590164184570312,2.59533429145813,40.55209732055664,2.203214168548584,0.8489134311676025,20.71510887145996,24.40190887451172,15.27072525024414,5.010314464569092,175
 9:57,42.174922943115234,1.8135217428207397,23.255813598632812,2.3697705268859863,37.02766418457031,2.019805669784546,0.852321207523346,21.583642959594727,25.323368072509766,15.49484920501709,4.829447269439697,175
 9:59,47.54319381713867,1.7987174987792969,26.431718826293945,2.5513744354248047,39.86522674560547,2.2112529277801514,0.8666908740997314,22.59908676147461,26.07514190673828,15.723369598388672,4.691326141357422,175
10:02,50.106693267822266,1.8622987270355225,26.90583038330078,2.584909677505493,40.38921356201172,2.2838966846466064,0.8835499286651611,23.508617401123047,26.607006072998047,15.90698528289795,4.598307132720947,175
10:04,46.91107940673828,1.8764431476593018,25,2.3655507564544678,36.96173095703125,2.1238954067230225,0.8978439569473267,24.05026626586914,26.78668785095215,16.0052433013916,4.567698001861572,200
10:06,39.46674728393555,1.664181113243103,23.715415954589844,1.9367767572402954,30.262136459350586,1.7551168203353882,0.9062049984931946,24.713172912597656,27.271060943603516,16.12902069091797,4.487261772155762,200.00001525878906
10:09,39.635032653808594,1.8364232778549194,21.582733154296875,1.8965495824813843,29.633586883544922,1.7391104698181152,0.9169865846633911,25.344968795776367,27.63941192626953,16.23814582824707,4.4279704093933105,200
10:12,40.98280334472656,1.871548056602478,21.897809982299805,1.9473074674606323,30.426679611206055,1.8069576025009155,0.9279261827468872,25.523714065551758,27.506189346313477,16.26018714904785,4.44920015335083,200
10:15,37.70895767211914,1.7660361528396606,21.352313995361328,1.8375742435455322,28.71209716796875,1.7226744890213013,0.9374720454216003,24.887218475341797,26.54715919494629,16.130760192871094,4.60846471786499,200
10:17,41.2684440612793,1.7676650285720825,23.346303939819336,2.0747079849243164,32.41731262207031,1.9212839603424072,0.9260503053665161,24.123363494873047,26.049734115600586,15.990501403808594,4.695724964141846,200
10:20,41.420745849609375,1.7741886377334595,23.346303939819336,2.1230478286743164,33.17262268066406,1.9454734325408936,0.9163587689399719,23.661096572875977,25.820777893066406,15.904205322265625,4.737029075622559,200
10:22,47.6492919921875,1.8106729984283447,26.3157901763916,2.479067087173462,38.73542404174805,2.25001859664917,0.9076069593429565,23.31014060974121,25.68307876586914,15.837922096252441,4.762232303619385,200
10:25,46.678409576416016,1.8904755115509033,24.69135856628418,2.4507029056549072,38.292232513427734,2.2077105045318604,0.900847852230072,23.099475860595703,25.641925811767578,15.798821449279785,4.769826412200928,200.00001525878906
10:27,47.28618621826172,1.9623767137527466,24.096385955810547,2.4727611541748047,38.63689422607422,2.224440813064575,0.8995777368545532,23.19150161743164,25.78042984008789,15.820612907409668,4.744418621063232,199.99998474121094
10:30,46.22758483886719,1.86451256275177,24.79338836669922,2.351851463317871,36.7476806640625,2.1461639404296875,0.9125422835350037,23.837902069091797,26.12251853942871,15.945621490478516,4.6827826499938965,200
10:32,50.35977554321289,1.8465250730514526,27.272727966308594,2.4870049953460693,38.85945129394531,2.3073954582214355,0.92778080701828,24.557483673095703,26.469058990478516,16.076208114624023,4.621964931488037,200
10:34,53.200706481933594,1.8354243040084839,28.98550796508789,2.5725386142730713,40.19591522216797,2.413886070251465,0.9383283853530884,25.080270767211914,26.728670120239258,16.166912078857422,4.577438831329346,200
10:36,49.33395767211914,1.9322465658187866,25.53191566467285,2.3752801418304443,37.11375045776367,2.227163791656494,0.9376425743103027,25.18882179260254,26.863990783691406,16.188173294067383,4.55458402633667,200
10:39,45.10801696777344,1.7742486000061035,25.423728942871094,2.1466500759124756,33.54140853881836,2.0000364780426025,0.9317011833190918,25.484094619750977,27.352216720581055,16.2491512298584,4.47401237487793,200
10:42,32.560813903808594,1.6606014966964722,19.60784339904785,1.5244308710098267,23.819232940673828,1.4341181516647339,0.9407564401626587,25.903844833374023,27.535123825073242,16.3162841796875,4.444540500640869,200
10:44,47.23476028442383,1.9366252422332764,24.390243530273438,2.202395439147949,34.41242980957031,2.0853254795074463,0.9468442797660828,26.010168075561523,27.47037696838379,16.329240798950195,4.4549102783203125,199.99998474121094
10:47,47.63275909423828,1.9211879968643188,24.79338836669922,2.427802085876465,37.93440628051758,2.2851312160491943,0.9412345290184021,23.79409408569336,25.279664993286133,15.905802726745605,4.8375139236450195,200
10:49,51.23752212524414,1.9982633590698242,25.64102554321289,2.711174964904785,42.36211013793945,2.5048768520355225,0.9239082336425781,22.919614791870117,24.807241439819336,15.732925415039062,4.928915977478027,200
10:51,51.29464340209961,2.0175893306732178,25.423728942871094,2.6602137088775635,41.56583786010742,2.446472644805908,0.9196527004241943,23.384721755981445,25.427776336669922,15.84111213684082,4.809617042541504,200
10:53,47.378780364990234,1.7846007347106934,26.54867172241211,2.365091323852539,36.954551696777344,2.196046829223633,0.9285251498222351,24.294763565063477,26.16489601135254,16.0228328704834,4.675228118896484,200
10:56,48.867130279541016,1.9302518367767334,25.31645393371582,2.374995231628418,37.10929870605469,2.221986770629883,0.9355752468109131,24.953462600708008,26.671785354614258,16.145456314086914,4.587121963500977,200
10:58,48.26819610595703,1.8824596405029297,25.64102554321289,2.3111259937286377,36.11134338378906,2.177917003631592,0.9423618912696838,25.32877540588379,26.877971649169922,16.20969581604004,4.552226543426514,200
11:00,49.92378234863281,1.9137450456619263,26.086956024169922,2.3839528560638428,37.249263763427734,2.2576093673706055,0.9470025300979614,25.397241592407227,26.818557739257812,16.21780776977539,4.56221342086792,200
11:03,53.42633819580078,1.994583249092102,26.785715103149414,2.546140670776367,39.783447265625,2.418992280960083,0.9500623345375061,25.447769165039062,26.785369873046875,16.224130630493164,4.56781005859375,213
11:05,53.43517303466797,1.9325721263885498,27.649768829345703,2.5449728965759277,39.765201568603516,2.4227747917175293,0.9519845247268677,25.463659286499023,26.747976303100586,16.225156784057617,4.574136257171631,225.00001525878906
11:07,51.814720153808594,1.943052053451538,26.66666603088379,2.486090898513794,38.84516906738281,2.351126194000244,0.9457120895385742,25.276264190673828,26.72722816467285,16.196502685546875,4.577668190002441,224.99998474121094
11:09,48.220088958740234,1.8484368324279785,26.086956024169922,2.2912096977233887,35.80015182495117,2.1718645095825195,0.9479117393493652,25.523479461669922,26.926010131835938,16.24026107788086,4.544164657592773,225
11:12,55.07194519042969,1.9458754062652588,28.30188751220703,2.5821640491485596,40.3463134765625,2.4619791507720947,0.9534557461738586,25.865644454956055,27.128311157226562,16.296987533569336,4.510565280914307,225
11:14,55.18229293823242,2.023350715637207,27.272727966308594,2.5688326358795166,40.13800811767578,2.477537155151367,0.9644603133201599,26.05197525024414,27.011972427368164,16.319469451904297,4.52979850769043,225.00001525878906
11:17,33.770416259765625,1.6828924417495728,20.0668888092041,1.574182391166687,24.596599578857422,1.528329849243164,0.970872163772583,26.017051696777344,26.797609329223633,16.3070068359375,4.565701484680176,225
11:19,58.539424896240234,2.039123296737671,28.708133697509766,2.7103114128112793,42.34861755371094,2.634033441543579,0.9718563556671143,26.194250106811523,26.95279884338379,16.337392807006836,4.5396409034729,225
11:21,63.17767333984375,2.095392942428589,30.150753021240234,3.178027629852295,49.656681060791016,3.0586862564086914,0.962448000907898,24.109193801879883,25.04986572265625,15.949254035949707,4.881479263305664,225
11:23,64.9254379272461,2.0992558002471924,30.92783546447754,3.3048105239868164,51.637664794921875,3.1404523849487305,0.9502670168876648,23.825666427612305,25.072601318359375,15.902847290039062,4.877115249633789,225
11:25,61.10829162597656,2.0776820182800293,29.411762237548828,2.92497181892395,45.70268630981445,2.8057355880737305,0.9592350721359253,25.336999893188477,26.413753509521484,16.194320678710938,4.63149356842041,225
11:27,55.57268524169922,2.0747134685516357,26.785715103149414,2.472621202468872,38.63470458984375,2.428579568862915,0.9821882843971252,27.257156372070312,27.75145721435547,16.507246017456055,4.410127639770508,225
11:29,58.613059997558594,2.129607915878296,27.52293586730957,2.4895401000976562,38.89906311035156,2.5079171657562256,1.0073816776275635,28.553014755249023,28.34379005432129,16.68602180480957,4.318756103515625,225
11:31,54.92318344116211,1.9863885641098022,27.649768829345703,2.3254802227020264,36.335628509521484,2.377201557159424,1.0222411155700684,28.643083572387695,28.01988983154297,16.686222076416016,4.368192195892334,225.00001525878906
11:33,57.546634674072266,2.014132261276245,28.571428298950195,2.473153829574585,38.643028259277344,2.5420477390289307,1.027856707572937,28.219255447387695,27.454463958740234,16.617279052734375,4.457322120666504,225
11:35,63.38439178466797,1.9120959043502808,33.149169921875,2.7362167835235596,42.753387451171875,2.8048181533813477,1.025071620941162,28.09367561340332,27.40654754638672,16.600475311279297,4.4650492668151855,225
11:38,58.20640182495117,2.2021422386169434,26.431718826293945,2.5384981632232666,39.664031982421875,2.5784590244293213,1.0157419443130493,27.808055877685547,27.377086639404297,16.564422607421875,4.469827175140381,225
11:40,59.48443603515625,2.052212953567505,28.98550796508789,2.5908610820770264,40.48220443725586,2.609541893005371,1.0072102546691895,27.84427833557129,27.64495086669922,16.57789421081543,4.426919460296631,225
11:42,62.0787239074707,2.121023178100586,29.268291473388672,2.690426826477051,42.03791809082031,2.6993603706359863,1.0033204555511475,27.983261108398438,27.89065170288086,16.603092193603516,4.388279914855957,225
11:44,60.96931457519531,2.022149085998535,30.150753021240234,2.6540439128875732,41.46943664550781,2.6651248931884766,1.0041751861572266,27.859926223754883,27.744091033935547,16.583110809326172,4.411248683929443,225
11:46,60.353782653808594,2.142559289932251,28.16901397705078,2.6057791709899902,40.71529769897461,2.6327672004699707,1.0103570222854614,28.089475631713867,27.80153465270996,16.613126754760742,4.402205944061279,225
11:48,56.79631423950195,2.0919976234436035,27.149320602416992,2.410064458847046,37.657257080078125,2.451026678085327,1.0169962644577026,28.580394744873047,28.102750778198242,16.681549072265625,4.355439186096191,225
11:50,60.52117156982422,2.047632932662964,29.556650161743164,2.596066474914551,40.56353759765625,2.630404472351074,1.0132269859313965,28.272762298583984,27.903682708740234,16.638601303100586,4.386232376098633,225
11:52,64.95506286621094,2.0460846424102783,31.746030807495117,2.832012891769409,44.25020217895508,2.86374568939209,1.0112050771713257,27.815988540649414,27.507762908935547,16.569812774658203,4.448791027069092,225
11:54,61.95085144042969,2.188930034637451,28.30188751220703,2.7091736793518066,42.33083724975586,2.7301888465881348,1.0077570676803589,27.732379913330078,27.5189151763916,16.55979347229004,4.447010517120361,225
11:56,57.18266677856445,1.953741192817688,29.268291473388672,2.466168165206909,38.533878326416016,2.4833884239196777,1.0069825649261475,28.120203018188477,27.925212860107422,16.62090492248535,4.38289213180542,225
11:58,61.628665924072266,2.0132029056549072,30.612247467041016,2.6373510360717773,41.20861053466797,2.673760175704956,1.0138051509857178,28.339460372924805,27.953556060791016,16.648204803466797,4.378477096557617,225
12:00,61.20961380004883,2.1525380611419678,28.436019897460938,2.621429204940796,40.95983123779297,2.6569244861602783,1.0135403871536255,28.317716598510742,27.939403533935547,16.64514923095703,4.380674839019775,225
12:02,65.31908416748047,2.0684375762939453,31.578947067260742,2.793790340423584,43.65297317504883,2.830120325088501,1.0130038261413574,28.35456657409668,27.990581512451172,16.65121078491211,4.372739315032959,232
12:04,63.55473709106445,2.0761213302612305,30.612247467041016,2.72450852394104,42.5704460144043,2.7625961303710938,1.0139796733856201,28.29022979736328,27.900196075439453,16.640581130981445,4.386774063110352,250
12:06,69.37828063964844,2.12760066986084,32.60869598388672,2.9831302165985107,46.61140823364258,3.01885986328125,1.011977195739746,28.20512580871582,27.871305465698242,16.629411697387695,4.3912835121154785,250
12:08,62.30475997924805,2.0768253803253174,29.999998092651367,2.65507435798645,41.485538482666016,2.6882483959198,1.0124945640563965,28.4591064453125,28.10791015625,16.66741943359375,4.354654312133789,250
12:10,68.14619445800781,2.0898165702819824,32.60869598388672,2.86907958984375,44.829368591308594,2.926123857498169,1.0198824405670166,28.80552101135254,28.24396324157715,16.71228790283203,4.333858489990234,250
12:12,71.17337036132812,2.1589255332946777,32.96703338623047,2.984543561935425,46.63349151611328,3.0487167835235596,1.021501898765564,28.92120361328125,28.31243324279785,16.7277774810791,4.323471546173096,250
12:13,69.20249938964844,2.1222100257873535,32.60869598388672,2.886902093887329,45.107845306396484,2.9405741691589355,1.0185915231704712,29.071434020996094,28.540815353393555,16.752086639404297,4.289200305938721,250
12:15,67.3504409790039,2.0990889072418213,32.0855598449707,2.780888319015503,43.45138168334961,2.8332345485687256,1.0188236236572266,29.37200927734375,28.82933807373047,16.794742584228516,4.246674060821533,250
12:17,69.31095886230469,2.1948471069335938,31.578947067260742,2.7891275882720947,43.58012008666992,2.87581467628479,1.0310803651809692,30.137710571289062,29.22925567626953,16.889732360839844,4.189098358154297,250
12:19,71.81354522705078,2.14243745803833,33.519554138183594,2.8727705478668213,44.88703918457031,2.981947422027588,1.0380040407180786,30.31671714782715,29.206743240356445,16.907846450805664,4.192286014556885,250
12:21,71.2613296508789,2.1615936756134033,32.96703338623047,2.8546242713928223,44.6035041809082,2.9819915294647217,1.0446178913116455,30.274829864501953,28.981727600097656,16.89672088623047,4.224514484405518,250
12:22,75.72679138183594,2.107729196548462,35.92814254760742,3.0223755836486816,47.22461700439453,3.197862386703491,1.0580625534057617,30.386302947998047,28.71881675720215,16.900318145751953,4.262801647186279,250
12:24,73.04228973388672,2.2521371841430664,32.43243408203125,2.8765432834625244,44.945987701416016,3.051501750946045,1.0608224868774414,30.794998168945312,29.029359817504883,16.9516544342041,4.217623233795166,250
12:26,72.17562103271484,2.1893272399902344,32.96703338623047,2.800665855407715,43.76040267944336,2.9836807250976562,1.0653469562530518,31.254024505615234,29.336946487426758,17.006555557250977,4.173816204071045,250
12:28,67.16781616210938,2.16056489944458,31.08808135986328,2.6286754608154297,41.073055267333984,2.805196523666382,1.0671521425247192,30.9885311126709,29.03853416442871,16.97137451171875,4.216294765472412,250
12:30,80.1912612915039,2.1384336948394775,37.5,3.130563259124756,48.9150505065918,3.350550413131714,1.0702707767486572,31.065711975097656,29.026029586791992,16.97868537902832,4.2180891036987305,250
12:31,69.22150421142578,2.1112558841705322,32.78688430786133,2.7047553062438965,42.261802673339844,2.891531229019165,1.0690546035766602,31.037717819213867,29.03286361694336,16.976106643676758,4.21710729598999,250
12:33,78.43022918701172,2.1960461139678955,35.714290618896484,3.0541298389434814,47.72077941894531,3.253862142562866,1.0653975009918213,31.14388084411621,29.23217010498047,16.992603302001953,4.188632965087891,249.99998474121094
12:35,72.07400512695312,2.114170789718628,34.09090805053711,2.7983765602111816,43.724632263183594,2.980325698852539,1.0650194883346558,31.235553741455078,29.32862091064453,17.00449562072754,4.174990177154541,250
12:37,76.089111328125,2.155858278274536,35.29411697387695,2.9231302738189697,45.673912048339844,3.1214346885681152,1.0678397417068481,31.56829071044922,29.562761306762695,17.0437068939209,4.142236709594727,250
12:38,69.6877212524414,2.1370902061462402,32.60869598388672,2.647260904312134,41.36345291137695,2.8406260013580322,1.0730434656143188,31.92539405822754,29.7521915435791,17.083148956298828,4.116110801696777,250
12:40,66.34749603271484,2.2005252838134766,30.150753021240234,2.5381131172180176,39.658016204833984,2.7364938259124756,1.0781607627868652,31.7022647857666,29.40402603149414,17.051904678344727,4.164367198944092,249.99998474121094
12:42,67.6394271850586,2.164461851119995,31.249998092651367,2.6355857849121094,41.181026458740234,2.805375814437866,1.0644221305847168,31.12429428100586,29.240554809570312,16.99091148376465,4.187444686889648,249.99998474121094
12:44,69.5312271118164,2.1438794136047363,32.43243408203125,2.733389139175415,42.709205627441406,2.9194424152374268,1.0680668354034424,30.849998474121094,28.883956909179688,16.952800750732422,4.238643169403076,250
12:46,84.42668914794922,2.166951894760132,38.961036682128906,3.358013868331909,52.46896743774414,3.526538848876953,1.0501859188079834,30.491165161132812,29.0340633392334,16.92076873779297,4.216962814331055,250.00001525878906
12:47,74.29841613769531,2.0060572624206543,37.03703689575195,2.9709746837615967,46.421478271484375,3.127058267593384,1.052536129951477,30.328948974609375,28.815113067626953,16.89730453491211,4.248697757720947,250
12:49,71.9242172241211,2.1457390785217285,33.519554138183594,2.824894428253174,44.13897705078125,2.9569244384765625,1.0467380285263062,30.878034591674805,29.499296188354492,16.973962783813477,4.151093006134033,250
12:51,72.4057846069336,2.2204439640045166,32.60869598388672,2.7831063270568848,43.48603820800781,2.92637300491333,1.051477313041687,31.551513671875,30.00684356689453,17.0548038482666,4.081549644470215,250
12:53,71.08049774169922,2.1561083793640137,32.96703338623047,2.7510337829589844,42.984901428222656,2.906705141067505,1.056586503982544,31.335113525390625,29.656932830810547,17.023832321166992,4.129227161407471,250
12:55,78.36347198486328,2.2202985286712646,35.29411697387695,3.0856242179870605,48.2128791809082,3.2364044189453125,1.0488654375076294,30.799762725830078,29.364837646484375,16.962129592895508,4.169914245605469,250
12:56,79.92266845703125,2.2245142459869385,35.92814254760742,3.1202588081359863,48.75404357910156,3.2862462997436523,1.053196668624878,31.063907623291016,29.494876861572266,16.992414474487305,4.151699542999268,250
12:58,80.12244415283203,2.230074882507324,35.92814254760742,3.1037378311157227,48.49590301513672,3.2702856063842773,1.0536603927612305,31.307321548461914,29.712913513183594,17.022727966308594,4.121526718139648,250
13:00,81.25849914550781,2.2481517791748047,36.14457702636719,3.1119518280029297,48.62424850463867,3.285399913787842,1.0557360649108887,31.667417526245117,29.995580673217773,17.065608978271484,4.0830607414245605,250
13:01,84.59614562988281,2.255897283554077,37.5,3.194617986679077,49.9159049987793,3.3727102279663086,1.055747628211975,32.11503219604492,30.419233322143555,17.119600296020508,4.026752471923828,250
13:03,80.4818344116211,1.9315639734268188,41.66666793823242,3.0256800651550293,47.27625274658203,3.2152256965637207,1.062645673751831,32.25905227661133,30.3572998046875,17.1312255859375,4.034876346588135,267
13:04,86.51004791259766,2.0762410163879395,41.66666793823242,3.1845343112945557,49.75835037231445,3.4117624759674072,1.0713536739349365,32.945594787597656,30.751371383666992,17.203886032104492,3.983670949935913,275
13:05,88.73146057128906,2.159132242202759,41.095890045166016,3.1828696727752686,49.732337951660156,3.420236587524414,1.0745763778686523,33.80924606323242,31.462860107421875,17.29690170288086,3.8944859504699707,275
13:07,79.65901184082031,2.230452060699463,35.714290618896484,2.8182449340820312,44.03507614135742,3.048196315765381,1.0815938711166382,34.27937698364258,31.693391799926758,17.34166717529297,3.8664400577545166,275
13:09,81.09644317626953,2.1760878562927246,37.26708221435547,2.8337018489837646,44.27659225463867,3.0940101146698,1.091861605644226,34.707584381103516,31.78753089904785,17.378549575805664,3.8550946712493896,275
13:10,79.02882385253906,2.252321481704712,35.08771896362305,2.7681167125701904,43.25182342529297,3.0324485301971436,1.0954915285110474,34.62405014038086,31.605947494506836,17.367294311523438,3.8770086765289307,275
13:12,81.53498077392578,2.215033769607544,36.809814453125,2.8945398330688477,45.2271842956543,3.1570229530334473,1.0906821489334106,34.161834716796875,31.321529388427734,17.322528839111328,3.9118571281433105,275
13:14,75.2452392578125,2.182111978530884,34.482757568359375,2.7484283447265625,42.944190979003906,2.9723877906799316,1.0814863443374634,33.20254135131836,30.700841903686523,17.225046157836914,3.990147829055786,275
13:16,80.0179214477539,2.29384708404541,34.88372039794922,2.9375193119049072,45.898738861083984,3.1616621017456055,1.076303482055664,33.035682678222656,30.69365119934082,17.21026611328125,3.9910805225372314,275
13:17,84.99142456054688,2.068124771118164,41.095890045166016,3.0958104133605957,48.37203598022461,3.3140194416046143,1.070485234260559,33.294883728027344,31.10260772705078,17.24374008178711,3.9391369819641113,275
13:18,84.92385864257812,1.9390947818756104,43.79561996459961,3.167032241821289,49.48487854003906,3.3748810291290283,1.0656288862228394,32.52025604248047,30.517431259155273,17.159488677978516,4.013910293579102,275
13:20,92.73401641845703,2.194705009460449,42.25352096557617,3.4544031620025635,53.97504806518555,3.682446002960205,1.0660151243209839,32.556880950927734,30.54073143005371,17.163442611694336,4.010878086090088,275
13:21,80.17276000976562,2.2448370456695557,35.714290618896484,2.8953258991241455,45.23946762084961,3.1071135997772217,1.0731481313705444,33.581966400146484,31.292945861816406,17.273326873779297,3.915417194366455,275
13:23,85.38323211669922,2.248425245285034,37.97468185424805,2.948723077774048,46.07379913330078,3.2285468578338623,1.0948965549468994,35.1168327331543,32.07319641113281,17.41786003112793,3.8211112022399902,275
13:25,86.7730941772461,2.285024881362915,37.97468185424805,2.9892024993896484,46.7062873840332,3.3059701919555664,1.1059706211090088,35.20517349243164,31.83192253112793,17.41870880126953,3.8497564792633057,275
13:26,89.5774154663086,2.0005621910095215,44.776119232177734,3.1481072902679443,49.18917465209961,3.4822657108306885,1.1061458587646484,34.50847244262695,31.197038650512695,17.347484588623047,3.9272878170013428,275
13:27,90.8123550415039,2.224902629852295,40.81632614135742,3.2117528915405273,50.18363952636719,3.5395421981811523,1.1020593643188477,34.290950775146484,31.115341186523438,17.32772445678711,3.937499523162842,275
13:29,98.22613525390625,2.1118619441986084,46.511627197265625,3.4049477577209473,53.202308654785156,3.7683727741241455,1.1067343950271606,34.985923767089844,31.61185073852539,17.396085739135742,3.8762776851654053,275
13:30,89.3294677734375,2.0694661140441895,43.16546630859375,3.0278329849243164,47.30989074707031,3.3636107444763184,1.1108970642089844,35.779937744140625,32.20814895629883,17.47177505493164,3.805248498916626,275
13:32,85.11312866210938,2.042715072631836,41.66666793823242,2.886723279953003,45.10505294799805,3.194553852081299,1.106636643409729,35.75758361816406,32.31194305419922,17.47263526916504,3.793158531188965,275
13:33,88.07335662841797,2.0844027996063232,42.25352096557617,2.9538872241973877,46.15448760986328,3.303170919418335,1.1182454824447632,36.159912109375,32.3362922668457,17.50305938720703,3.790318250656128,275
13:35,82.58798217773438,2.092228889465332,39.47368240356445,2.8043839931488037,43.81850051879883,3.132197856903076,1.1168934106826782,35.715450286865234,31.977493286132812,17.461252212524414,3.83240008354187,275
13:36,95.28041076660156,2.112049102783203,45.1127815246582,3.2554283142089844,50.866065979003906,3.619976282119751,1.1119815111160278,35.49541091918945,31.920862197875977,17.443201065063477,3.8391339778900146,275
13:37,92.4241943359375,2.1873726844787598,42.25352096557617,3.188626766204834,49.82229232788086,3.5579769611358643,1.1158336400985718,35.15270233154297,31.50353240966797,17.406330108642578,3.8894565105438232,275
13:39,93.29823303222656,2.2080581188201904,42.25352096557617,3.2629010677337646,50.98283004760742,3.597050905227661,1.102408766746521,34.67737579345703,31.456005096435547,17.367721557617188,3.895289897918701,275
13:40,90.06011199951172,2.251502752304077,40,3.1522819995880127,49.2544059753418,3.4761831760406494,1.10275137424469,34.648475646972656,31.420026779174805,17.364492416381836,3.8997037410736084,275
13:42,94.4420166015625,2.2351276874542236,42.25352096557617,3.260359048843384,50.943111419677734,3.613729476928711,1.1083838939666748,35.1298713684082,31.694679260253906,17.40941619873047,3.866250514984131,275
13:43,88.0873794555664,2.1728222370147705,40.5405387878418,3.014669418334961,47.104209899902344,3.380157709121704,1.1212365627288818,35.436492919921875,31.604829788208008,17.430753707885742,3.8771121501922607,275
13:45,85.2198486328125,2.1020896434783936,40.5405387878418,2.893981456756592,45.21846008300781,3.226991653442383,1.11506986618042,35.712623596191406,32.02724838256836,17.46227264404297,3.826510429382324,275
13:46,111.06928253173828,2.202874183654785,50.420166015625,3.714076042175293,58.03243637084961,4.1706953048706055,1.1229429244995117,36.2676887512207,32.29700469970703,17.509984970092773,3.794874906539917,275
13:47,97.12672424316406,1.9425344467163086,50,3.2382965087890625,50.59838104248047,3.6131770610809326,1.1157647371292114,36.37465286254883,32.60064697265625,17.525083541870117,3.7599103450775146,275
13:49,47.89463424682617,1.8918381929397583,25.31645393371582,1.5781902074813843,24.659221649169922,1.756188154220581,1.1127861738204956,36.80478286743164,33.07444381713867,17.567047119140625,3.7066256999969482,275
13:51,105.8757553100586,2.241036891937256,47.24409484863281,3.483473539352417,54.42927551269531,3.8924121856689453,1.117393970489502,36.86045837402344,32.98788070678711,17.568967819213867,3.7162415981292725,275
13:52,114.40074920654297,2.1354806423187256,53.57143020629883,4.1811628341674805,65.3306655883789,4.599492073059082,1.100050926208496,33.182456970214844,30.164472579956055,17.208589553833008,4.060362339019775,275
13:53,105.43714904785156,2.161461591720581,48.780487060546875,4.080169677734375,63.75265121459961,4.416117191314697,1.082336664199829,31.339506149291992,28.955415725708008,17.00351333618164,4.2282609939575195,275
13:54,106.36357116699219,2.2159078121185303,48,3.9055676460266113,61.02449417114258,4.223765850067139,1.0814729928970337,33.02824401855469,30.54005241394043,17.20545196533203,4.010944843292236,275
13:55,104.87979888916016,2.0276761054992676,51.72413635253906,3.5626749992370605,55.66679763793945,3.901441812515259,1.0950877666473389,35.70198440551758,32.6019401550293,17.47545051574707,3.7597880363464355,275
13:57,101.13755798339844,2.1913137435913086,46.153846740722656,3.2726893424987793,51.135772705078125,3.6492021083831787,1.1150468587875366,37.47869110107422,33.61176300048828,17.62616539001465,3.648008346557617,275
13:58,101.22399139404297,2.07509183883667,48.780487060546875,3.1831188201904297,49.73623275756836,3.5969130992889404,1.1299965381622314,38.56624221801758,34.12952423095703,17.709768295288086,3.5932559967041016,275
13:59,92.67386627197266,2.1778359413146973,42.553192138671875,2.889855146408081,45.153987884521484,3.2997443675994873,1.141837239265442,38.891788482666016,34.06071090698242,17.72907829284668,3.600421667098999,275
14:01,99.36051177978516,2.2687315940856934,43.79561996459961,3.1216468811035156,48.775733947753906,3.5695109367370605,1.1434704065322876,38.60173034667969,33.75839614868164,17.703874588012695,3.6323041915893555,275
14:02,94.49622344970703,1.6064358949661255,58.823524475097656,2.9967641830444336,46.824440002441406,3.4191482067108154,1.1409467458724976,38.241825103759766,33.51762771606445,17.675094604492188,3.658112049102783,278
14:03,126.14861297607422,1.7871054410934448,70.5882339477539,4.007481575012207,62.61690139770508,4.590754985809326,1.1455460786819458,38.175758361816406,33.32537841796875,17.666385650634766,3.6789791584014893,300
14:04,108.99530029296875,1.834754228591919,59.405941009521484,3.491112470626831,54.54863357543945,3.964787006378174,1.135680079460144,37.863494873046875,33.339927673339844,17.646005630493164,3.6774022579193115,300
14:05,96.10153198242188,1.986098289489746,48.3870964050293,2.8966917991638184,45.26081085205078,3.299628257751465,1.1391023397445679,40.235069274902344,35.32173538208008,17.838003158569336,3.473313808441162,300
14:06,103.59589385986328,2.054651975631714,50.420166015625,3.0545802116394043,47.72781753540039,3.4752213954925537,1.137708306312561,41.130855560302734,36.15237045288086,17.906423568725586,3.3944313526153564,300
14:07,96.6114730834961,2.1737582683563232,44.44444274902344,2.86057186126709,44.696434020996094,3.257797956466675,1.1388624906539917,40.95930480957031,35.9650993347168,17.893001556396484,3.4118967056274414,300
14:08,108.76370239257812,1.9940011501312256,54.54545593261719,3.3057093620300293,51.651710510253906,3.7728278636932373,1.1413066387176514,39.90212631225586,34.961795806884766,17.81071662902832,3.5086581707000732,300
14:10,97.62698364257812,1.8549126386642456,52.6315803527832,3.04054856300354,47.50857162475586,3.468916416168213,1.1408851146697998,38.939884185791016,34.13129425048828,17.73366355895996,3.593059778213501,300
14:11,117.27177429199219,2.07180118560791,56.60377502441406,3.665012836456299,57.26582717895508,4.183616638183594,1.1415011882781982,38.80562973022461,33.99525833129883,17.72216796875,3.6072771549224854,300
14:12,106.67723083496094,1.9735287427902222,54.054054260253906,3.3140621185302734,51.78221893310547,3.7814860343933105,1.1410425901412964,39.03802490234375,34.212589263916016,17.741622924804688,3.5846168994903564,300
14:13,109.42560577392578,2.0973241329193115,52.173912048339844,3.3099303245544434,51.7176628112793,3.80242919921875,1.1487942934036255,40.09376525878906,34.900733947753906,17.820932388305664,3.514719009399414,300
14:14,114.37103271484375,1.772750973701477,64.51612854003906,3.4067180156707764,53.2299690246582,3.9218833446502686,1.151220440864563,40.71520233154297,35.36699295043945,17.867023468017578,3.4689078330993652,300
14:15,126.20936584472656,1.8931405544281006,66.66666412353516,3.7235846519470215,58.18101119995117,4.2560014724731445,1.1429849863052368,41.106178283691406,35.96388244628906,17.901338577270508,3.4120068550109863,300
14:16,112.81304168701172,1.993030309677124,56.60377502441406,3.311514139175415,51.742408752441406,3.783707618713379,1.1425913572311401,41.31515884399414,36.15917205810547,17.916954040527344,3.3937954902648926,300
14:17,113.34832000732422,2.1347267627716064,53.09734344482422,3.259622573852539,50.931602478027344,3.7105836868286133,1.1383476257324219,42.17203140258789,37.04670715332031,17.980934143066406,3.3134524822235107,300
14:18,121.36405181884766,2.0631890296936035,58.823524475097656,3.4291584491729736,53.58060073852539,3.931325912475586,1.1464403867721558,42.92192840576172,37.439300537109375,18.027841567993164,3.279118061065674,300
14:19,97.15525817871094,1.9754902124404907,49.180328369140625,2.742215156555176,42.847110748291016,3.148557186126709,1.1481802463531494,42.9676399230957,37.42238235473633,18.0299129486084,3.280580759048462,300
14:20,138.43719482421875,1.9842665195465088,69.76744079589844,3.9118430614471436,61.1225471496582,4.483177661895752,1.1460524797439575,42.918853759765625,37.44928741455078,18.027862548828125,3.278254747390747,300
14:21,124.75228118896484,1.8712842464447021,66.66666412353516,3.4709181785583496,54.233097076416016,4.007397651672363,1.1545641422271729,43.58939743041992,37.75398254394531,18.067703247070312,3.2521121501922607,300
14:22,122.45455169677734,1.938863754272461,63.157894134521484,3.380279064178467,52.81686019897461,3.9030520915985107,1.154653787612915,43.933834075927734,38.04935836791992,18.090167999267578,3.2271766662597656,300
14:23,121.67686462402344,2.0279479026794434,59.999996185302734,3.317023992538452,51.82849884033203,3.8515548706054688,1.1611477136611938,44.487308502197266,38.3132209777832,18.121915817260742,3.2052204608917236,300
14:24,102.40589141845703,2.1163883209228516,48.3870964050293,2.7863245010375977,43.536319732666016,3.223038911819458,1.1567349433898926,44.57280731201172,38.533294677734375,18.129837036132812,3.187147378921509,300
14:25,127.1845932006836,2.0561509132385254,61.85567092895508,3.464862823486328,54.13848114013672,4.030124664306641,1.163141131401062,44.516929626464844,38.27302169799805,18.122655868530273,3.208543062210083,300
14:26,109.06395721435547,1.9449739456176758,56.074764251708984,2.997126817703247,46.83010482788086,3.484172821044922,1.1625043153762817,44.13192367553711,37.96280288696289,18.09844398498535,3.234435796737671,300
14:27,110.31800842285156,2.059269428253174,53.57143020629883,3.0382649898529053,47.4728889465332,3.5656676292419434,1.1735867261886597,44.03494644165039,37.52167892456055,18.085792541503906,3.2719805240631104,300
14:28,115.43939208984375,2.077908992767334,55.55555725097656,3.213327169418335,50.20823669433594,3.7641422748565674,1.1714158058166504,43.568824768066406,37.193302154541016,18.0565242767334,3.3005177974700928,300
14:30,95.1408920288086,2.0138156414031982,47.24409484863281,2.685030460357666,41.9536018371582,3.139514923095703,1.1692659854888916,42.97290802001953,36.752037048339844,18.01780891418457,3.339667558670044,300
14:31,112.86128234863281,2.144364356994629,52.6315803527832,3.2555763721466064,50.86838150024414,3.796473741531372,1.166144847869873,42.04301071166992,36.05299377441406,17.955060958862305,3.403649091720581,300
14:32,108.56564331054688,2.0265586376190186,53.57143020629883,3.1876883506774902,49.8076286315918,3.7668657302856445,1.1816920042037964,41.304115295410156,34.953369140625,17.89210319519043,3.509453058242798,300
14:33,113.79627227783203,2.0862648487091064,54.54545593261719,3.398472547531128,53.10113525390625,3.979818344116211,1.1710609197616577,40.60887908935547,34.677001953125,17.84657096862793,3.537114381790161,300
14:34,110.24577331542969,2.131418466567993,51.72413635253906,3.307630777359009,51.681732177734375,3.8707733154296875,1.1702555418014526,40.422359466552734,34.541481018066406,17.83280372619629,3.5508358478546143,300
14:35,113.51766967773438,1.7784433364868164,63.82979202270508,3.40805721282959,53.250892639160156,3.9676384925842285,1.1641936302185059,40.39553451538086,34.69829559326172,17.834550857543945,3.534975528717041,300
14:36,115.82756042480469,1.814631700515747,63.82979202270508,3.4420180320739746,53.781532287597656,4.02000617980957,1.1679213047027588,40.81083679199219,34.943138122558594,17.863832473754883,3.5104823112487793,300
14:37,155.9508056640625,1.6374833583831787,95.23809814453125,4.5650715827941895,71.3292465209961,5.364923477172852,1.1752111911773682,41.43017578125,35.25338363647461,17.905349731445312,3.479933261871338,300
14:38,127.86050415039062,1.8965973854064941,67.41573333740234,3.6174283027648926,56.522315979003906,4.255309581756592,1.1763355731964111,42.866024017333984,36.440303802490234,18.00633430480957,3.3678879737854004,300
14:38,119.81047821044922,1.7971572875976562,66.66666412353516,3.266502857208252,51.03910827636719,3.852623701095581,1.1794337034225464,44.48242950439453,37.71507263183594,18.111167907714844,3.2554025650024414,300
14:39,122.16112518310547,1.974938154220581,61.85567092895508,3.26765513420105,51.05710983276367,3.837397336959839,1.1743581295013428,45.339168548583984,38.60761642456055,18.167465209960938,3.181072473526001,300
14:40,122.15028381347656,1.893329381942749,64.51612854003906,3.2635035514831543,50.992244720458984,3.8488707542419434,1.1793677806854248,45.39281463623047,38.489112854003906,18.167940139770508,3.1907389163970947,300
14:41,120.10984802246094,2.0218491554260254,59.405941009521484,3.228865146636963,50.451019287109375,3.833719491958618,1.187327265739441,45.11338424682617,37.99574661254883,18.146289825439453,3.231642961502075,300
14:42,114.92610168457031,2.0686697959899902,55.55555725097656,3.124199151992798,48.81561279296875,3.6921300888061523,1.1817845106124878,44.612510681152344,37.750125885009766,18.118080139160156,3.2524147033691406,300
14:43,112.46527099609375,2.0056307315826416,56.074764251708984,3.0729777812957764,48.01527786254883,3.6297194957733154,1.181173324584961,44.38494873046875,37.57699966430664,18.103961944580078,3.2672157287597656,300
14:44,113.96318817138672,1.519509196281433,75,3.126101493835449,48.8453369140625,3.6895463466644287,1.1802388429641724,44.2118034362793,37.46004867553711,18.0933895111084,3.277291774749756,300
14:45,150.5731658935547,1.706496000289917,88.23529052734375,4.142091274261475,64.72017669677734,4.913641929626465,1.186270833015442,44.08639907836914,37.16386032104492,18.081819534301758,3.303086996078491,300
14:46,122.21037292480469,1.8738923072814941,65.21739196777344,3.3322110176086426,52.0657958984375,3.9469175338745117,1.1844741106033325,44.47872543334961,37.55145263671875,18.108055114746094,3.2694079875946045,300
14:47,118.27277374267578,1.9515007734298706,60.60606002807617,3.1628763675689697,49.419944763183594,3.7273967266082764,1.178483247756958,45.3502082824707,38.48184585571289,18.165830612182617,3.1913347244262695,300
14:48,116.50399780273438,1.8058120012283325,64.51612854003906,3.061735153198242,47.8396110534668,3.6303718090057373,1.1857236623764038,46.14768600463867,38.91942596435547,18.209787368774414,3.1558969020843506,300
14:49,122.03712463378906,1.7898778915405273,68.18181610107422,3.2749502658843994,51.17109680175781,3.855229377746582,1.177187204360962,45.19225311279297,38.39003372192383,18.156862258911133,3.1988725662231445,300
14:50,110.06085205078125,1.6142258644104004,68.18181610107422,2.9686810970306396,46.385643005371094,3.515822410583496,1.1843044757843018,44.96204376220703,37.964935302734375,18.138591766357422,3.234236240386963,300
14:50,124.15121459960938,1.9036519527435303,65.21739196777344,3.3514842987060547,52.366943359375,3.950392484664917,1.1786993741989136,44.92525100708008,38.114253997802734,18.139467239379883,3.221727132797241,300
14:51,134.34967041015625,1.8137205839157104,74.0740737915039,3.606759548187256,56.35561752319336,4.269277572631836,1.1836879253387451,45.17478942871094,38.16444396972656,18.152132034301758,3.217538595199585,300
14:52,98.70620727539062,1.891869068145752,52.173912048339844,2.64261531829834,41.290863037109375,3.116544485092163,1.1793409585952759,45.298858642578125,38.410316467285156,18.16220474243164,3.197202682495117,300
14:53,140.15789794921875,1.6818947792053223,83.33333587646484,3.731402635574341,58.303165435791016,4.415500640869141,1.183335304260254,45.55354690551758,38.495887756347656,18.175508499145508,3.190180778503418,300
14:54,92.83966827392578,1.4854347705841064,62.499996185302734,2.4659833908081055,38.53099060058594,2.9173343181610107,1.1830308437347412,45.65834426879883,38.594383239746094,18.182024002075195,3.1821415424346924,300
14:55,121.1736831665039,1.575257658958435,76.92308807373047,3.2368221282958984,50.57534408569336,3.777989625930786,1.1671910285949707,45.401084899902344,38.89773178100586,18.175254821777344,3.157651424407959,300
14:56,130.98097229003906,1.6590924263000488,78.9473648071289,3.498992681503296,54.67176055908203,4.092342376708984,1.1695772409439087,45.39854049682617,38.81619644165039,18.173765182495117,3.164198160171509,300
14:57,132.18321228027344,1.9166566133499146,68.96551513671875,3.5545907020568848,55.54048156738281,4.162247657775879,1.170949935913086,45.09864044189453,38.51457595825195,18.154598236083984,3.1886634826660156,300
14:58,88.17636108398438,1.9692720174789429,44.776119232177734,2.455981969833374,38.374717712402344,2.829141139984131,1.1519389152526855,43.541534423828125,37.79847717285156,18.066076278686523,3.248333692550659,300
14:59,143.30908203125,1.839133381843567,77.92207336425781,3.9868483543395996,62.29450607299805,4.596375942230225,1.152884602546692,43.5933952331543,37.81245422363281,18.068944931030273,3.2471463680267334,300
14:59,113.43834686279297,1.5125112533569336,75,3.249385118484497,50.77164077758789,3.7272093296051025,1.1470506191253662,42.338497161865234,36.91074752807617,17.987346649169922,3.3255012035369873,300
15:00,118.95787048339844,1.3481892347335815,88.23529052734375,3.4359490871429443,53.686702728271484,3.9658896923065186,1.1542341709136963,41.98780822753906,36.37720489501953,17.958341598510742,3.3736824989318848,300
15:01,112.05284118652344,1.6807926893234253,66.66666412353516,3.2075321674346924,50.11769104003906,3.7152786254882812,1.158298134803772,42.36708450317383,36.57701110839844,17.98259735107422,3.3554675579071045,300
15:02,120.54340362548828,1.848332166671753,65.21739196777344,3.356318712234497,52.44247817993164,3.8867554664611816,1.15804123878479,43.55690002441406,37.61256408691406,18.06353187561035,3.264185905456543,310
15:03,90.59385681152344,1.932668924331665,46.875,2.4518373012542725,38.309959411621094,2.826781749725342,1.152923822402954,44.810916900634766,38.86719512939453,18.146928787231445,3.160114288330078,325
15:05,77.04327392578125,2.221414566040039,34.68207931518555,2.1701574325561523,33.90871047973633,2.4884116649627686,1.1466503143310547,43.054664611816406,37.54821014404297,18.036697387695312,3.2697229385375977,255
15:06,86.6378402709961,2.079308032989502,41.66666793823242,2.612691879272461,40.82331085205078,2.964942693710327,1.134822964668274,40.21574783325195,35.437904357910156,17.839216232299805,3.4620633125305176,0
15:08,82.77149963378906,2.0003111362457275,41.379310607910156,2.6430504322052,41.297664642333984,2.980315923690796,1.127604603767395,37.9797477722168,33.68179702758789,17.661487579345703,3.6404917240142822,0
15:09,80.76091766357422,1.80366051197052,44.776119232177734,2.605553388595581,40.71177291870117,2.942643165588379,1.129373550415039,37.590492248535156,33.28437423706055,17.6263427734375,3.6834805011749268,0
15:11,82.60562896728516,2.0789082050323486,39.73509979248047,2.655986785888672,41.499794006347656,2.992856502532959,1.1268341541290283,37.71902847290039,33.47344970703125,17.639345169067383,3.66290283203125,0
15:12,80.3874740600586,1.9962890148162842,40.268455505371094,2.5923473834991455,40.505428314208984,2.9275360107421875,1.129299283027649,37.60728073120117,33.301429748535156,17.627872467041016,3.681614637374878,0
15:14,73.94766998291016,1.836367130279541,40.268455505371094,2.419127941131592,37.79887390136719,2.7373056411743164,1.1315257549285889,37.07168960571289,32.76256561279297,17.578495025634766,3.7415072917938232,0
15:15,85.93899536132812,2.1341516971588135,40.268455505371094,2.8754045963287354,44.92819595336914,3.248939037322998,1.1299067735671997,36.24666213989258,32.079341888427734,17.503116607666016,3.8203439712524414,0
15:17,74.76082611083984,1.9064010381698608,39.2156867980957,2.535081148147583,39.61064147949219,2.856513023376465,1.1267935037612915,35.76506042480469,31.740562438964844,17.459047317504883,3.860696792602539,0
15:18,80.15176391601562,2.0572288036346436,38.961036682128906,2.680079936981201,41.87624740600586,3.0294246673583984,1.1303486824035645,36.2695426940918,32.087039947509766,17.504972457885742,3.8194363117218018,0
15:20,73.43910217285156,2.0073354244232178,36.585365295410156,2.4659698009490967,38.53077697753906,2.8008854389190674,1.1358150243759155,36.11738967895508,31.798656463623047,17.486661911010742,3.853706121444702,0
15:22,70.42615509033203,2.2653746604919434,31.08808135986328,2.3665974140167236,36.978084564208984,2.7089970111846924,1.144680142402649,36.0899543762207,31.528419494628906,17.477798461914062,3.886383533477783,0
15:24,64.77545928955078,2.0944066047668457,30.92783546447754,2.2055962085723877,34.462440490722656,2.5441787242889404,1.1535106897354126,35.6173210144043,30.877323150634766,17.42555809020996,3.967480182647705,0
15:26,66.39900970458984,2.0583693981170654,32.25806427001953,2.3166072368621826,36.19698715209961,2.6892192363739014,1.160843849182129,34.760494232177734,29.94416046142578,17.333572387695312,4.089864730834961,1
15:27,68.18582153320312,1.943295955657959,35.08771896362305,2.432504177093506,38.007877349853516,2.8215644359588623,1.1599422693252563,33.99517059326172,29.30763816833496,17.253055572509766,4.177823066711426,50
15:29,78.76785278320312,2.0217082500457764,38.961036682128906,2.837411642074585,44.334556579589844,3.296154499053955,1.1616765260696411,33.66691970825195,28.981319427490234,17.215801239013672,4.224411487579346,49.999996185302734
15:30,71.12831115722656,1.8611907958984375,38.21656036376953,2.530133008956909,39.533329010009766,2.964355707168579,1.171620488166809,34.09383773803711,29.0997257232666,17.255027770996094,4.207373142242432,50
15:32,88.01477813720703,1.9656634330749512,44.776119232177734,3.0000722408294678,46.876129150390625,3.5561938285827637,1.1853693723678589,35.57956314086914,30.015592575073242,17.399089813232422,4.080198287963867,50
15:33,68.22002410888672,1.6827607154846191,40.5405387878418,2.1724915504455566,33.9451789855957,2.636368989944458,1.213523268699646,38.082942962646484,31.38212776184082,17.61307716369629,3.9042370319366455,50
15:35,83.44754791259766,2.0722808837890625,40.268455505371094,2.5051472187042236,39.14292526245117,3.135228395462036,1.2515146732330322,40.39773941040039,32.27907943725586,17.779827117919922,3.7968225479125977,50
15:36,81.94473266601562,1.9939885139465332,41.095890045166016,2.376237154006958,37.12870407104492,3.065436363220215,1.2900381088256836,41.82230758666992,32.419437408447266,17.864078521728516,3.780521869659424,50
15:38,89.091552734375,2.0045599937438965,44.44444274902344,2.4536244869232178,38.33788299560547,3.2851037979125977,1.3388780355453491,44.03572463989258,32.89002227783203,17.990520477294922,3.726961374282837,49.999996185302734
15:39,80.1839828491211,2.044691562652588,39.2156867980957,2.090609550476074,32.665775299072266,2.8811147212982178,1.3781218528747559,46.514827728271484,33.75233459472656,18.12629508972168,3.6327357292175293,50
15:41,78.10210418701172,1.9265186786651611,40.5405387878418,1.9502474069595337,30.47261619567871,2.7468454837799072,1.408460021018982,48.56794738769531,34.48301315307617,18.229373931884766,3.5565848350524902,50
15:42,72.276611328125,1.9996529817581177,36.14457702636719,1.774946928024292,27.733545303344727,2.535612106323242,1.4285565614700317,49.38433074951172,34.56938934326172,18.26384925842285,3.5477845668792725,50
15:44,77.91361999511719,1.9738117456436157,39.47368240356445,1.90897536277771,29.827739715576172,2.7106943130493164,1.4199734926223755,49.49824523925781,34.85857009887695,18.274412155151367,3.518690347671509,50
15:45,39.215675354003906,0.8039213418960571,48.780487060546875,0.9617199301719666,15.026873588562012,1.3676321506500244,1.4220690727233887,49.452449798583984,34.77499771118164,18.2708683013916,3.5270488262176514,49.999996185302734
,,,,,,,,,,,,
,,,,,,,,,,,,
Max VO2,4.5650715827941895,L/min,71.3292465209961,ml/kg/min,20.379785537719727,METS,,,,,,
,,,,,,,,,,,,
,,,,,,,,,,,,
Events,,,,,,,,,,,,
2,Warm Up,,,,,,,,,,,
5,Start Exercise,,,,,,,,,,,
15.130666732788086,Cool Down,,,,,,,,,,,
,,,,,,,,,,,,
Summary,,,,,,,,,,,,
,,,,,,,,,,,,
